{
   "sample_ids": {
      "0": [
         "L09_R0033"
      ],
      "best": [
         "L09_R0033"
      ]
   },
   "pose_errors": {
      "0": [
         0.021434087306261063
      ],
      "best": [
         0.021434087306261063
      ]
   },
   "angular_errors": {
      "0": [
         0.008100200444459915
      ],
      "best": [
         0.008100200444459915
      ]
   },
   "poses_pred": {
      "0": [
         [
            [
               -0.13975076377391815,
               0.9708486199378967,
               -0.1947374790906906,
               13.210644721984863
            ],
            [
               0.9899314045906067,
               0.13252028822898865,
               -0.04974141716957092,
               -0.33786091208457947
            ],
            [
               -0.02248471789062023,
               -0.19972814619541168,
               -0.9795933365821838,
               52.39902114868164
            ]
         ]
      ],
      "best": [
         [
            [
               -0.13975076377391815,
               0.9708486199378967,
               -0.1947374790906906,
               13.210644721984863
            ],
            [
               0.9899314045906067,
               0.13252028822898865,
               -0.04974141716957092,
               -0.33786091208457947
            ],
            [
               -0.02248471789062023,
               -0.19972814619541168,
               -0.9795933365821838,
               52.39902114868164
            ]
         ]
      ]
   },
   "intrinsics_pred": {
      "0": [
         [
            [
               675.7628784179688,
               0.0,
               507.71905517578125
            ],
            [
               0.0,
               675.7628784179688,
               339.35992431640625
            ],
            [
               0.0,
               0.0,
               1.0
            ]
         ]
      ],
      "best": [
         [
            [
               675.7628784179688,
               0.0,
               507.71905517578125
            ],
            [
               0.0,
               675.7628784179688,
               339.35992431640625
            ],
            [
               0.0,
               0.0,
               1.0
            ]
         ]
      ]
   },
   "matching_errors": {
      "0": [
         0.0
      ],
      "best": [
         0.0
      ]
   },
   "reprojection_errors": {
      "0": [
         0.26293206214904785
      ],
      "best": [
         0.26293206214904785
      ]
   },
   "f_errors": {
      "0": [
         0.0
      ],
      "best": [
         0.0
      ]
   },
   "c_errors": {
      "0": [
         0.0
      ],
      "best": [
         0.0
      ]
   },
   "matching_durations": {
      "0": [
         0.31209254264831543
      ],
      "best": [
         0.31209254264831543
      ]
   },
   "durations": {
      "0": [
         0.7661933898925781
      ],
      "best": [
         0.7661933898925781
      ]
   }
}